<?xml version="1.0" encoding="UTF-8"?>
<metadata>
	<layout title="COM_BWPOSTMAN_MENU_NEWSLETTERSSINGLE">
		<message>
			<![CDATA[COM_BWPOSTMAN_MENU_NEWSLETTERSSINGLE_NOTE]]>
		</message>
	</layout>
	<fields name="request">
		<fieldset name="request">
			<field name="id" type="singlenews" required="true" default="0" label="COM_BWPOSTMAN_SELECT_NEWSLETTER" description="COM_BWPOSTMAN_SELECT_NEWSLETTER_DESC" addfieldprefix="BoldtWebservice\Component\BwPostman\Administrator\Field" />
		</fieldset>
	</fields>

	<fields name="params">
		<fieldset name="basic" label="COM_BWPOSTMAN_NEWSLETTER_BASIC_OPTIONS">
			<field
				name="attachment_single_enable"
				type="list"
				default=""
				description="COM_BWPOSTMAN_NEWSLETTER_ATTACHMENT_SINGLE_ENABLE_DESC"
				label="COM_BWPOSTMAN_NEWSLETTER_ATTACHMENT_ENABLE_LABEL"
			>
				<option value="">JGLOBAL_USE_GLOBAL</option>
				<option value="1">JSHOW</option>
				<option value="hide">JHIDE</option>
			</field>
		</fieldset>
	</fields>

</metadata>
