<?xml version="1.0" encoding="UTF-8" ?>
<extension type="package" version="3.8" method="upgrade">
	<name>BwPostman Complete Package</name>
	<creationDate>2023-11-27</creationDate>
	<author>Boldt Webservice</author>
	<authorEmail>forum@boldt-webservice.de</authorEmail>
	<url>https://www.boldt-webservice.de</url>
	<copyright>www.boldt-webservice.de</copyright>
	<license>This component is released under the GNU/GPLv3 License or later</license>

	<version>4.2.6</version>

	<packagename>bwpostman</packagename>
	<packager>Boldt Webservice</packager>
	<packagerurl>https://www.boldt-webservice.de</packagerurl>
	<blockChildUninstall>true</blockChildUninstall>

	<scriptfile>pkg_script.php</scriptfile>

	<files folder="packages">
		<file type="plugin" id="bw_libregister" group="system" client="site">plg_system_bw_libregister.zip</file>
		<file type="component" id="com_bwpostman" >com_bwpostman.zip</file>
		<file type="module" id="mod_bwpostman" client="site">mod_bwpostman.zip</file>
		<file type="module" id="mod_bwpostman_overview" client="site">mod_bwpostman_overview.zip</file>
		<file type="plugin" id="personalize" group="bwpostman" client="site">plg_bwpostman_personalize.zip</file>
		<file type="plugin" id="bwpm_useraccount" group="system" client="site">plg_system_bwpm_useraccount.zip</file>
		<file type="plugin" id="bwpm_user2subscriber" group="system" client="site">plg_system_bwpm_user2subscriber.zip</file>
		<file type="plugin" id="footerusedmailinglists" group="bwpostman" client="site">plg_bwpostman_footerusedmailinglists.zip</file>
		<file type="plugin" id="newslettercontent" group="bwpostman" client="site">plg_bwpostman_newslettercontent.zip</file>
	</files>


	<updateservers>
		<server type="extension" priority="1" name="BwPostman Updates">https://www.boldt-webservice.de/updateservers/bwpostman/bwpostman_update.xml</server>
	</updateservers>

	<compatibility>
		<version>4</version>
	</compatibility>
</extension>
